Workbook

Sheet Sheet6
A3: Row Labels | B3: Count of Sequence | C3: =SUM(B4:B52) -> 771
A4: 1C | B4: 25
A5: 1C-1D | B5: 7
A6: 1C-1H | B6: 3
A7: 1C-1H-1S | B7: 1
A8: 1C-1S | B8: 4
A9: 1C-2C-3C | B9: 1
A10: 1C-2S | B10: 1
A11: 1C-pass-1S | B11: 1
A12: 1D | B12: 30
A13: 1D-1H | B13: 6
A14: 1D-1H-X-2H | B14: 1
A15: 1D-1S | B15: 3
... A53: Grand Total | B53: 771

Sheet Table
A1: Set | B1: Hand | C1: Seat | D1: Bid | E1: Level | F1: Strain | G1: FirstBid | H1: Sequence | I1: NorthHand | J1: EastHand | K1: SouthHand | L1: WestHand
A2: ='CSV Import'!A2 -> 2Club | B2: ='CSV Import'!B2 -> 1 | C2: ='CSV Import'!C2 -> West | D2: ='CSV Import'!D2 -> Calm | E2: =IF(D2="Calm","Calm",IF(D2="Double","",IF(D2="X","",IF(D2="XX","",VALUE(LEFT(D2,1)))))) -> Calm | F2: =IF(D2="Double","X",IF(D2="X","X",IF(D2="XX","XX",RIGHT(D2,LEN(D2)-1)))) -> alm | G2: =IF('CSV Import'!D2="","",'CSV Import'!D2) -> Calm | H2: =IF('CSV Import'!E2="","",'CSV Import'!E2) -> Calm | I2: =IF('CSV Import'!F2="","",'CSV Import'!F2) -> S:Q65 H:864 D:KQ86 C:T87 | J2: =IF('CSV Import'!G2="","",'CSV Import'!G2) | K2: =IF('CSV Import'!H2="","",'CSV Import'!H2) -> S:AK82 H:AK3 D:A4 C:KQ94 | L2: =IF('CSV Import'!I2="","",'CSV Import'!I2)
A3: ='CSV Import'!A3 -> 2Club | B3: ='CSV Import'!B3 -> 2 | C3: ='CSV Import'!C3 -> West | D3: ='CSV Import'!D3 -> Calm | E3: =IF(D3="Calm","Calm",IF(D3="Double","",IF(D3="X","",IF(D3="XX","",VALUE(LEFT(D3,1)))))) -> Calm | F3: =IF(D3="Double","X",IF(D3="X","X",IF(D3="XX","XX",RIGHT(D3,LEN(D3)-1)))) -> alm | G3: =IF('CSV Import'!D3="","",'CSV Import'!D3) -> Calm | H3: =IF('CSV Import'!E3="","",'CSV Import'!E3) -> Calm | I3: =IF('CSV Import'!F3="","",'CSV Import'!F3) -> S:KQ5 H:AK6 D:AK92 C:AT8 | J3: =IF('CSV Import'!G3="","",'CSV Import'!G3) | K3: =IF('CSV Import'!H3="","",'CSV Import'!H3) -> S:T872 H:Q53 D:864 C:974 | L3: =IF('CSV Import'!I3="","",'CSV Import'!I3)
A4: ='CSV Import'!A4 -> 2Club | B4: ='CSV Import'!B4 -> 3 | C4: ='CSV Import'!C4 -> West | D4: ='CSV Import'!D4 -> Calm | E4: =IF(D4="Calm","Calm",IF(D4="Double","",IF(D4="X","",IF(D4="XX","",VALUE(LEFT(D4,1)))))) -> Calm | F4: =IF(D4="Double","X",IF(D4="X","X",IF(D4="XX","XX",RIGHT(D4,LEN(D4)-1)))) -> alm | G4: =IF('CSV Import'!D4="","",'CSV Import'!D4) -> Calm | H4: =IF('CSV Import'!E4="","",'CSV Import'!E4) -> Calm | I4: =IF('CSV Import'!F4="","",'CSV Import'!F4) -> S:Q65 H:864 D:Q986 C:T87 | J4: =IF('CSV Import'!G4="","",'CSV Import'!G4) | K4: =IF('CSV Import'!H4="","",'CSV Import'!H4) -> S:AK82 H:AK3 D:AK C:KQ94 | L4: =IF('CSV Import'!I4="","",'CSV Import'!I4)
A5: ='CSV Import'!A5 -> 2Club | B5: ='CSV Import'!B5 -> 4 | C5: ='CSV Import'!C5 -> West | D5: ='CSV Import'!D5 -> Calm | E5: =IF(D5="Calm","Calm",IF(D5="Double","",IF(D5="X","",IF(D5="XX","",VALUE(LEFT(D5,1)))))) -> Calm | F5: =IF(D5="Double","X",IF(D5="X","X",IF(D5="XX","XX",RIGHT(D5,LEN(D5)-1)))) -> alm | G5: =IF('CSV Import'!D5="","",'CSV Import'!D5) -> Calm | H5: =IF('CSV Import'!E5="","",'CSV Import'!E5) -> Calm | I5: =IF('CSV Import'!F5="","",'CSV Import'!F5) -> S:KQ5 H:AK6 D:AK92 C:AT8 | J5: =IF('CSV Import'!G5="","",'CSV Import'!G5) | K5: =IF('CSV Import'!H5="","",'CSV Import'!H5) -> S:JT82 H:Q53 D:864 C:J94 | L5: =IF('CSV Import'!I5="","",'CSV Import'!I5)
A6: ='CSV Import'!A6 -> 2Club | B6: ='CSV Import'!B6 -> 5 | C6: ='CSV Import'!C6 -> West | D6: ='CSV Import'!D6 -> Calm | E6: =IF(D6="Calm","Calm",IF(D6="Double","",IF(D6="X","",IF(D6="XX","",VALUE(LEFT(D6,1)))))) -> Calm | F6: =IF(D6="Double","X",IF(D6="X","X",IF(D6="XX","XX",RIGHT(D6,LEN(D6)-1)))) -> alm | G6: =IF('CSV Import'!D6="","",'CSV Import'!D6) -> Calm | H6: =IF('CSV Import'!E6="","",'CSV Import'!E6) -> Calm | I6: =IF('CSV Import'!F6="","",'CSV Import'!F6) -> S:K873 H:92 D:J8742 C:T3 | J6: =IF('CSV Import'!G6="","",'CSV Import'!G6) | K6: =IF('CSV Import'!H6="","",'CSV Import'!H6) -> S: H:AKQJ8643 D:A5 C:QJ4 | L6: =IF('CSV Import'!I6="","",'CSV Import'!I6)
A7: ='CSV Import'!A7 -> 2Club | B7: ='CSV Import'!B7 -> 6 | C7: ='CSV Import'!C7 -> West | D7: ='CSV Import'!D7 -> Calm | E7: =IF(D7="Calm","Calm",IF(D7="Double","",IF(D7="X","",IF(D7="XX","",VALUE(LEFT(D7,1)))))) -> Calm | F7: =IF(D7="Double","X",IF(D7="X","X",IF(D7="XX","XX",RIGHT(D7,LEN(D7)-1)))) -> alm | G7: =IF('CSV Import'!D7="","",'CSV Import'!D7) -> Calm | H7: =IF('CSV Import'!E7="","",'CSV Import'!E7) -> Calm | I7: =IF('CSV Import'!F7="","",'CSV Import'!F7) -> S:AK4 H:AQT86 D:K2 C:KQT | J7: =IF('CSV Import'!G7="","",'CSV Import'!G7) | K7: =IF('CSV Import'!H7="","",'CSV Import'!H7) -> S:875 H:K3 D:QJT94 C:752 | L7: =IF('CSV Import'!I7="","",'CSV Import'!I7)
A8: ='CSV Import'!A8 -> 2Club | B8: ='CSV Import'!B8 -> 7 | C8: ='CSV Import'!C8 -> West | D8: ='CSV Import'!D8 -> Calm | E8: =IF(D8="Calm","Calm",IF(D8="Double","",IF(D8="X","",IF(D8="XX","",VALUE(LEFT(D8,1)))))) -> Calm | F8: =IF(D8="Double","X",IF(D8="X","X",IF(D8="XX","XX",RIGHT(D8,LEN(D8)-1)))) -> alm | G8: =IF('CSV Import'!D8="","",'CSV Import'!D8) -> Calm | H8: =IF('CSV Import'!E8="","",'CSV Import'!E8) -> Calm | I8: =IF('CSV Import'!F8="","",'CSV Import'!F8) -> S:K65 H:T864 D:92 C:T873 | J8: =IF('CSV Import'!G8="","",'CSV Import'!G8) | K8: =IF('CSV Import'!H8="","",'CSV Import'!H8) -> S:AQJ83 H:3 D:KQ7 C:AKQ9 | L8: =IF('CSV Import'!I8="","",'CSV Import'!I8)
A9: ='CSV Import'!A9 -> 2Club | B9: ='CSV Import'!B9 -> 8 | C9: ='CSV Import'!C9 -> West | D9: ='CSV Import'!D9 -> Calm | E9: =IF(D9="Calm","Calm",IF(D9="Double","",IF(D9="X","",IF(D9="XX","",VALUE(LEFT(D9,1)))))) -> Calm | F9: =IF(D9="Double","X",IF(D9="X","X",IF(D9="XX","XX",RIGHT(D9,LEN(D9)-1)))) -> alm | G9: =IF('CSV Import'!D9="","",'CSV Import'!D9) -> Calm | H9: =IF('CSV Import'!E9="","",'CSV Import'!E9) -> Calm | I9: =IF('CSV Import'!F9="","",'CSV Import'!F9) -> S:AQ H:AK75 D:Q84 C:AKJT | J9: =IF('CSV Import'!G9="","",'CSV Import'!G9) | K9: =IF('CSV Import'!H9="","",'CSV Import'!H9) -> S:K875 H:QJT3 D:T5 C:973 | L9: =IF('CSV Import'!I9="","",'CSV Import'!I9)
A10: ='CSV Import'!A10 -> 2Club | B10: ='CSV Import'!B10 -> 9 | C10: ='CSV Import'!C10 -> West | D10: ='CSV Import'!D10 -> Calm | E10: =IF(D10="Calm","Calm",IF(D10="Double","",IF(D10="X","",IF(D10="XX","",VALUE(LEFT(D10,1)))))) -> Calm | F10: =IF(D10="Double","X",IF(D10="X","X",IF(D10="XX","XX",RIGHT(D10,LEN(D10)-1)))) -> alm | G10: =IF('CSV Import'!D10="","",'CSV Import'!D10) -> Calm | H10: =IF('CSV Import'!E10="","",'CSV Import'!E10) -> Calm | I10: =IF('CSV Import'!F10="","",'CSV Import'!F10) -> S:J943 H:96 D:9863 C:A82 | J10: =IF('CSV Import'!G10="","",'CSV Import'!G10) | K10: =IF('CSV Import'!H10="","",'CSV Import'!H10) -> S:AK H:KQJT4 D:AJT C:KJ9 | L10: =IF('CSV Import'!I10="","",'CSV Import'!I10)
A11: ='CSV Import'!A11 -> 2Club | B11: ='CSV Import'!B11 -> 10 | C11: ='CSV Import'!C11 -> West | D11: ='CSV Import'!D11 -> Calm | E11: =IF(D11="Calm","Calm",IF(D11="Double","",IF(D11="X","",IF(D11="XX","",VALUE(LEFT(D11,1)))))) -> Calm | F11: =IF(D11="Double","X",IF(D11="X","X",IF(D11="XX","XX",RIGHT(D11,LEN(D11)-1)))) -> alm | G11: =IF('CSV Import'!D11="","",'CSV Import'!D11) -> Calm | H11: =IF('CSV Import'!E11="","",'CSV Import'!E11) -> Calm | I11: =IF('CSV Import'!F11="","",'CSV Import'!F11) -> S:AK8 H:KQT D:KQJ2 C:AT4 | J11: =IF('CSV Import'!G11="","",'CSV Import'!G11) | K11: =IF('CSV Import'!H11="","",'CSV Import'!H11) -> S:JT7 H:A96 D:T95 C:KQJ3 | L11: =IF('CSV Import'!I11="","",'CSV Import'!I11)
A12: ='CSV Import'!A12 -> 2Club | B12: ='CSV Import'!B12 -> 11 | C12: ='CSV Import'!C12 -> West | D12: ='CSV Import'!D12 -> Calm | E12: =IF(D12="Calm","Calm",IF(D12="Double","",IF(D12="X","",IF(D12="XX","",VALUE(LEFT(D12,1)))))) -> Calm | F12: =IF(D12="Double","X",IF(D12="X","X",IF(D12="XX","XX",RIGHT(D12,LEN(D12)-1)))) -> alm | G12: =IF('CSV Import'!D12="","",'CSV Import'!D12) -> Calm | H12: =IF('CSV Import'!E12="","",'CSV Import'!E12) -> Calm | I12: =IF('CSV Import'!F12="","",'CSV Import'!F12) -> S:AQT64 H:AQ85 D:Q7 C:AK | J12: =IF('CSV Import'!G12="","",'CSV Import'!G12) | K12: =IF('CSV Import'!H12="","",'CSV Import'!H12) -> S:9875 H:64 D:863 C:J752 | L12: =IF('CSV Import'!I12="","",'CSV Import'!I12)
A13: ='CSV Import'!A13 -> 2Club | B13: ='CSV Import'!B13 -> 12 | C13: ='CSV Import'!C13 -> West | D13: ='CSV Import'!D13 -> Calm | E13: =IF(D13="Calm","Calm",IF(D13="Double","",IF(D13="X","",IF(D13="XX","",VALUE(LEFT(D13,1)))))) -> Calm | F13: =IF(D13="Double","X",IF(D13="X","X",IF(D13="XX","XX",RIGHT(D13,LEN(D13)-1)))) -> alm | G13: =IF('CSV Import'!D13="","",'CSV Import'!D13) -> Calm | H13: =IF('CSV Import'!E13="","",'CSV Import'!E13) -> Calm | I13: =IF('CSV Import'!F13="","",'CSV Import'!F13) -> S:A5 H:A6 D:K7 C:AKQJT63 | J13: =IF('CSV Import'!G13="","",'CSV Import'!G13) | K13: =IF('CSV Import'!H13="","",'CSV Import'!H13) -> S:763 H:852 D:9543 C:872 | L13: =IF('CSV Import'!I13="","",'CSV Import'!I13)
... A219: ='CSV Import'!A219 -> Bidpractice/Set5 | B219: ='CSV Import'!B219 -> 1 | C219: ='CSV Import'!C219 -> West | D219: ='CSV Import'!D219 -> Calm | E219: =IF(D219="Calm","Calm",IF(D219="Double","",IF(D219="X","",IF(D219="XX","",VALUE(LEFT(D219,1)))))) -> Calm | F219: =IF(D219="Double","X",IF(D219="X","X",IF(D219="XX","XX",RIGHT(D219,LEN(D219)-1)))) -> alm | G219: =IF('CSV Import'!D219="","",'CSV Import'!D219) -> Calm | H219: =IF('CSV Import'!E219="","",'CSV Import'!E219) -> Calm | I219: =IF('CSV Import'!F219="","",'CSV Import'!F219) -> S:AK9873 H:82 D:986 C:J4 | J219: =IF('CSV Import'!G219="","",'CSV Import'!G219) | K219: =IF('CSV Import'!H219="","",'CSV Import'!H219) -> S:QJ2 H:K975 D:KQ2 C:Q53 | L219: =IF('CSV Import'!I219="","",'CSV Import'!I219)
A220: ='CSV Import'!A220 -> Bidpractice/Set5 | B220: ='CSV Import'!B220 -> 2 | C220: ='CSV Import'!C220 -> West | D220: ='CSV Import'!D220 -> Calm | E220: =IF(D220="Calm","Calm",IF(D220="Double","",IF(D220="X","",IF(D220="XX","",VALUE(LEFT(D220,1)))))) -> Calm | F220: =IF(D220="Double","X",IF(D220="X","X",IF(D220="XX","XX",RIGHT(D220,LEN(D220)-1)))) -> alm | G220: =IF('CSV Import'!D220="","",'CSV Import'!D220) -> Calm | H220: =IF('CSV Import'!E220="","",'CSV Import'!E220) -> Calm | I220: =IF('CSV Import'!F220="","",'CSV Import'!F220) -> S:AK9873 H:82 D:986 C:J4 | J220: =IF('CSV Import'!G220="","",'CSV Import'!G220) | K220: =IF('CSV Import'!H220="","",'CSV Import'!H220) -> S:QJ2 H:AK75 D:A72 C:A53
A221: ='CSV Import'!A221 -> Bidpractice/Set5 | B221: ='CSV Import'!B221 -> 3 | C221: ='CSV Import'!C221 -> West | D221: ='CSV Import'!D221 -> Calm | E221: =IF(D221="Calm","Calm",IF(D221="Double","",IF(D221="X","",IF(D221="XX","",VALUE(LEFT(D221,1)))))) -> Calm | F221: =IF(D221="Double","X",IF(D221="X","X",IF(D221="XX","XX",RIGHT(D221,LEN(D221)-1)))) -> alm | G221: =IF('CSV Import'!D221="","",'CSV Import'!D221) -> Calm | H221: =IF('CSV Import'!E221="","",'CSV Import'!E221) -> Calm | I221: =IF('CSV Import'!F221="","",'CSV Import'!F221) -> S:AK9873 H:82 D:986 C:J4 | J221: =IF('CSV Import'!G221="","",'CSV Import'!G221) | K221: =IF('CSV Import'!H221="","",'CSV Import'!H221) -> S:QJ62 H:75 D:A72 C:Q753
A222: ='CSV Import'!A222 -> Bidpractice/Set5 | B222: ='CSV Import'!B222 -> 4 | C222: ='CSV Import'!C222 -> West | D222: ='CSV Import'!D222 -> Calm | E222: =IF(D222="Calm","Calm",IF(D222="Double","",IF(D222="X","",IF(D222="XX","",VALUE(LEFT(D222,1)))))) -> Calm | F222: =IF(D222="Double","X",IF(D222="X","X",IF(D222="XX","XX",RIGHT(D222,LEN(D222)-1)))) -> alm | G222: =IF('CSV Import'!D222="","",'CSV Import'!D222) -> Calm | H222: =IF('CSV Import'!E222="","",'CSV Import'!E222) -> Calm | I222: =IF('CSV Import'!F222="","",'CSV Import'!F222) -> S:KQ76 H:A62 D:53 C:AQ83 | J222: =IF('CSV Import'!G222="","",'CSV Import'!G222) | K222: =IF('CSV Import'!H222="","",'CSV Import'!H222) -> S:43 H:85 D:KQJ9862 C:97
A223: ='CSV Import'!A223 -> Bidpractice/Set5 | B223: ='CSV Import'!B223 -> 5 | C223: ='CSV Import'!C223 -> West | D223: ='CSV Import'!D223 -> Calm | E223: =IF(D223="Calm","Calm",IF(D223="Double","",IF(D223="X","",IF(D223="XX","",VALUE(LEFT(D223,1)))))) -> Calm | F223: =IF(D223="Double","X",IF(D223="X","X",IF(D223="XX","XX",RIGHT(D223,LEN(D223)-1)))) -> alm | G223: =IF('CSV Import'!D223="","",'CSV Import'!D223) -> Calm | H223: =IF('CSV Import'!E223="","",'CSV Import'!E223) -> Calm | I223: =IF('CSV Import'!F223="","",'CSV Import'!F223) -> S:87 H:KQJ9732 D:5 C:864 | J223: =IF('CSV Import'!G223="","",'CSV Import'!G223) | K223: =IF('CSV Import'!H223="","",'CSV Import'!H223) -> S:AJT643 H:A D:AK64 C:97
A224: ='CSV Import'!A224 -> Bidpractice/Set5 | B224: ='CSV Import'!B224 -> 6 | C224: ='CSV Import'!C224 -> West | D224: ='CSV Import'!D224 -> Calm | E224: =IF(D224="Calm","Calm",IF(D224="Double","",IF(D224="X","",IF(D224="XX","",VALUE(LEFT(D224,1)))))) -> Calm | F224: =IF(D224="Double","X",IF(D224="X","X",IF(D224="XX","XX",RIGHT(D224,LEN(D224)-1)))) -> alm | G224: =IF('CSV Import'!D224="","",'CSV Import'!D224) -> Calm | H224: =IF('CSV Import'!E224="","",'CSV Import'!E224) -> Calm | I224: =IF('CSV Import'!F224="","",'CSV Import'!F224) -> S:K4 H:KJ5 D:942 C:KQJ72 | J224: =IF('CSV Import'!G224="","",'CSV Import'!G224) | K224: =IF('CSV Import'!H224="","",'CSV Import'!H224) -> S:AQJ9765 H:QT2 D:7 C:63
A225: ='CSV Import'!A225 -> Bidpractice/Set5 | B225: ='CSV Import'!B225 -> 7 | C225: ='CSV Import'!C225 -> West | D225: ='CSV Import'!D225 -> Calm | E225: =IF(D225="Calm","Calm",IF(D225="Double","",IF(D225="X","",IF(D225="XX","",VALUE(LEFT(D225,1)))))) -> Calm | F225: =IF(D225="Double","X",IF(D225="X","X",IF(D225="XX","XX",RIGHT(D225,LEN(D225)-1)))) -> alm | G225: =IF('CSV Import'!D225="","",'CSV Import'!D225) -> Calm | H225: =IF('CSV Import'!E225="","",'CSV Import'!E225) -> Calm | I225: =IF('CSV Import'!F225="","",'CSV Import'!F225) -> S:764 H:AK9743 D:72 C:Q5 | J225: =IF('CSV Import'!G225="","",'CSV Import'!G225) | K225: =IF('CSV Import'!H225="","",'CSV Import'!H225) -> S:KQ H:QJ D:AKQ65 C:KJ42
A226: ='CSV Import'!A226 -> Bidpractice/Set5 | B226: ='CSV Import'!B226 -> 8 | C226: ='CSV Import'!C226 -> West | D226: ='CSV Import'!D226 -> Calm | E226: =IF(D226="Calm","Calm",IF(D226="Double","",IF(D226="X","",IF(D226="XX","",VALUE(LEFT(D226,1)))))) -> Calm | F226: =IF(D226="Double","X",IF(D226="X","X",IF(D226="XX","XX",RIGHT(D226,LEN(D226)-1)))) -> alm | G226: =IF('CSV Import'!D226="","",'CSV Import'!D226) -> Calm | H226: =IF('CSV Import'!E226="","",'CSV Import'!E226) -> Calm | I226: =IF('CSV Import'!F226="","",'CSV Import'!F226) -> S:AQ5 H:4 D:KQ94 C:KJ742 | J226: =IF('CSV Import'!G226="","",'CSV Import'!G226) | K226: =IF('CSV Import'!H226="","",'CSV Import'!H226) -> S:J83 H:KQJ762 D:85 C:85
A227: ='CSV Import'!A227 -> Bidpractice/Set5 | B227: ='CSV Import'!B227 -> 9 | C227: ='CSV Import'!C227 -> West | D227: ='CSV Import'!D227 -> Calm | E227: =IF(D227="Calm","Calm",IF(D227="Double","",IF(D227="X","",IF(D227="XX","",VALUE(LEFT(D227,1)))))) -> Calm | F227: =IF(D227="Double","X",IF(D227="X","X",IF(D227="XX","XX",RIGHT(D227,LEN(D227)-1)))) -> alm | G227: =IF('CSV Import'!D227="","",'CSV Import'!D227) -> Calm | H227: =IF('CSV Import'!E227="","",'CSV Import'!E227) -> Calm | I227: =IF('CSV Import'!F227="","",'CSV Import'!F227) -> S:K84 H:AQT642 D:4 C:965 | J227: =IF('CSV Import'!G227="","",'CSV Import'!G227) | K227: =IF('CSV Import'!H227="","",'CSV Import'!H227) -> S:AQJT65 H:7 D:A95 C:KJ3
A228: ='CSV Import'!A228 -> Bidpractice/Set5 | B228: ='CSV Import'!B228 -> 10 | C228: ='CSV Import'!C228 -> West | D228: ='CSV Import'!D228 -> Calm | E228: =IF(D228="Calm","Calm",IF(D228="Double","",IF(D228="X","",IF(D228="XX","",VALUE(LEFT(D228,1)))))) -> Calm | F228: =IF(D228="Double","X",IF(D228="X","X",IF(D228="XX","XX",RIGHT(D228,LEN(D228)-1)))) -> alm | G228: =IF('CSV Import'!D228="","",'CSV Import'!D228) -> Calm | H228: =IF('CSV Import'!E228="","",'CSV Import'!E228) -> Calm | I228: =IF('CSV Import'!F228="","",'CSV Import'!F228) -> S:AK75 H:K63 D:KQJ54 C:A | J228: =IF('CSV Import'!G228="","",'CSV Import'!G228) | K228: =IF('CSV Import'!H228="","",'CSV Import'!H228) -> S:6 H:AQJ8754 D:632 C:84
A229: ='CSV Import'!A229 -> Bidpractice/Set5 | B229: ='CSV Import'!B229 -> 11 | C229: ='CSV Import'!C229 -> West | D229: ='CSV Import'!D229 -> Calm | E229: =IF(D229="Calm","Calm",IF(D229="Double","",IF(D229="X","",IF(D229="XX","",VALUE(LEFT(D229,1)))))) -> Calm | F229: =IF(D229="Double","X",IF(D229="X","X",IF(D229="XX","XX",RIGHT(D229,LEN(D229)-1)))) -> alm | G229: =IF('CSV Import'!D229="","",'CSV Import'!D229) -> Calm | H229: =IF('CSV Import'!E229="","",'CSV Import'!E229) -> Calm | I229: =IF('CSV Import'!F229="","",'CSV Import'!F229) -> S:J3 H:76 D:97 C:KQ98752 | J229: =IF('CSV Import'!G229="","",'CSV Import'!G229) | K229: =IF('CSV Import'!H229="","",'CSV Import'!H229) -> S:AQT H:KQJ D:QJT3 C:AJT
A230: ='CSV Import'!A230 -> Bidpractice/Set5 | B230: ='CSV Import'!B230 -> 12 | C230: ='CSV Import'!C230 -> West | D230: ='CSV Import'!D230 -> Calm | E230: =IF(D230="Calm","Calm",IF(D230="Double","",IF(D230="X","",IF(D230="XX","",VALUE(LEFT(D230,1)))))) -> Calm | F230: =IF(D230="Double","X",IF(D230="X","X",IF(D230="XX","XX",RIGHT(D230,LEN(D230)-1)))) -> alm | G230: =IF('CSV Import'!D230="","",'CSV Import'!D230) -> Calm | H230: =IF('CSV Import'!E230="","",'CSV Import'!E230) -> Calm | I230: =IF('CSV Import'!F230="","",'CSV Import'!F230) -> S:AQ63 H:Q82 D:AKQ C:KQJ | J230: =IF('CSV Import'!G230="","",'CSV Import'!G230) | K230: =IF('CSV Import'!H230="","",'CSV Import'!H230) -> S:J4 H:KJT963 D:875 C:42
A231: ='CSV Import'!A231 -> Bidpractice/Set5 | B231: ='CSV Import'!B231 -> 13 | C231: ='CSV Import'!C231 -> West | D231: ='CSV Import'!D231 -> Calm | E231: =IF(D231="Calm","Calm",IF(D231="Double","",IF(D231="X","",IF(D231="XX","",VALUE(LEFT(D231,1)))))) -> Calm | F231: =IF(D231="Double","X",IF(D231="X","X",IF(D231="XX","XX",RIGHT(D231,LEN(D231)-1)))) -> alm | G231: =IF('CSV Import'!D231="","",'CSV Import'!D231) -> Calm | H231: =IF('CSV Import'!E231="","",'CSV Import'!E231) -> Calm | I231: =IF('CSV Import'!F231="","",'CSV Import'!F231) -> S:KQ9862 H:864 D:94 C:K6 | J231: =IF('CSV Import'!G231="","",'CSV Import'!G231) | K231: =IF('CSV Import'!H231="","",'CSV Import'!H231) -> S:JT3 H:AK53 D:AQ732 C:4
... A772: ='CSV Import'!A772 -> Weak2 | B772: ='CSV Import'!B772 -> 20 | C772: ='CSV Import'!C772 -> West | D772: ='CSV Import'!D772 -> Calm | E772: =IF(D772="Calm","Calm",IF(D772="Double","",IF(D772="X","",IF(D772="XX","",VALUE(LEFT(D772,1)))))) -> Calm | F772: =IF(D772="Double","X",IF(D772="X","X",IF(D772="XX","XX",RIGHT(D772,LEN(D772)-1)))) -> alm | G772: =IF('CSV Import'!D772="","",'CSV Import'!D772) -> Calm | H772: =IF('CSV Import'!E772="","",'CSV Import'!E772) -> Calm | I772: =IF('CSV Import'!F772="","",'CSV Import'!F772) -> S:A93 H:QJT754 D:74 C:J2 | J772: =IF('CSV Import'!G772="","",'CSV Import'!G772) | K772: =IF('CSV Import'!H772="","",'CSV Import'!H772) -> S:KQJT84 H: D:Q86 C:AQ93

Sheet CSV Import
A1: Subfolder | B1: Deal | C1: Seat | D1: Bid | E1: BidSequence | F1: NorthHand | G1: EastHand | H1: SouthHand | I1: WestHand
A2: 2Club | B2: 1 | C2: West | D2: Calm | E2: Calm | F2: S:Q65 H:864 D:KQ86 C:T87 | H2: S:AK82 H:AK3 D:A4 C:KQ94
A3: 2Club | B3: 2 | C3: West | D3: Calm | E3: Calm | F3: S:KQ5 H:AK6 D:AK92 C:AT8 | H3: S:T872 H:Q53 D:864 C:974
A4: 2Club | B4: 3 | C4: West | D4: Calm | E4: Calm | F4: S:Q65 H:864 D:Q986 C:T87 | H4: S:AK82 H:AK3 D:AK C:KQ94
A5: 2Club | B5: 4 | C5: West | D5: Calm | E5: Calm | F5: S:KQ5 H:AK6 D:AK92 C:AT8 | H5: S:JT82 H:Q53 D:864 C:J94
A6: 2Club | B6: 5 | C6: West | D6: Calm | E6: Calm | F6: S:K873 H:92 D:J8742 C:T3 | H6: S: H:AKQJ8643 D:A5 C:QJ4
A7: 2Club | B7: 6 | C7: West | D7: Calm | E7: Calm | F7: S:AK4 H:AQT86 D:K2 C:KQT | H7: S:875 H:K3 D:QJT94 C:752
A8: 2Club | B8: 7 | C8: West | D8: Calm | E8: Calm | F8: S:K65 H:T864 D:92 C:T873 | H8: S:AQJ83 H:3 D:KQ7 C:AKQ9
A9: 2Club | B9: 8 | C9: West | D9: Calm | E9: Calm | F9: S:AQ H:AK75 D:Q84 C:AKJT | H9: S:K875 H:QJT3 D:T5 C:973
A10: 2Club | B10: 9 | C10: West | D10: Calm | E10: Calm | F10: S:J943 H:96 D:9863 C:A82 | H10: S:AK H:KQJT4 D:AJT C:KJ9
A11: 2Club | B11: 10 | C11: West | D11: Calm | E11: Calm | F11: S:AK8 H:KQT D:KQJ2 C:AT4 | H11: S:JT7 H:A96 D:T95 C:KQJ3
A12: 2Club | B12: 11 | C12: West | D12: Calm | E12: Calm | F12: S:AQT64 H:AQ85 D:Q7 C:AK | H12: S:9875 H:64 D:863 C:J752
A13: 2Club | B13: 12 | C13: West | D13: Calm | E13: Calm | F13: S:A5 H:A6 D:K7 C:AKQJT63 | H13: S:763 H:852 D:9543 C:872
... A772: Weak2 | B772: 20 | C772: West | D772: Calm | E772: Calm | F772: S:A93 H:QJT754 D:74 C:J2 | H772: S:KQJT84 H: D:Q86 C:AQ93
